id,name,duration_ms,popularity,danceability,energy,loudness,mode,speechiness,acousticness,instrumentalness,liveness,valence,tempo,time_signature,format
4poeu6nUr4UQo1RXpp29Js,72 Seasons,459120,55,0.193,0.983,-3.929,1,0.0591,4.01e-05,0.0375,0.0645,0.385,168.193,4,0
1XcRSCO0AbSIX4f6z29MFn,Shadows Follow,371880,53,0.313,0.979,-3.907,1,0.0462,0.000121,0.0313,0.261,0.678,178.884,4,0
2zSb2Db4kNYH5qIs5V3BgG,Screaming Suicide,330453,53,0.425,0.972,-3.448,0,0.045,2.42e-05,0.0202,0.239,0.282,101.125,4,0
1WjgFpSxwA0Bqyr7hWc3f1,Sleepwalk My Life Away,416066,50,0.43,0.95,-4.203,1,0.034,1.73e-05,0.0641,0.103,0.543,124.931,4,0
6HMs5zF1uidrx8UHAZdSVe,You Must Burn!,423013,49,0.397,0.958,-3.088,0,0.0341,0.000122,0.0203,0.0378,0.416,85.836,4,0
18zjwSgYiwu1Meb7Po3tUP,Lux Ã†terna,205679,57,0.386,0.996,-2.96,0,0.0754,1.15e-05,0.000836,0.116,0.188,130.573,4,0
1FdinUvlpQj2nqbzuS7XRw,Crown of Barbed Wire,349400,47,0.437,0.964,-4.012,1,0.0367,2.06e-05,0.0411,0.0598,0.249,111.699,4,0
5krkEca0E6k01D2CYvLuZx,Chasing Light,405106,46,0.243,0.982,-3.626,1,0.0547,2e-05,0.0448,0.421,0.652,182.806,4,0
3i4Nwzze8zflIoKsuoeBPM,If Darkness Had a Son,396293,52,0.47,0.945,-4.378,1,0.045,2.3e-05,0.00544,0.0399,0.379,123.398,4,0
7KdgYr9jNkQO1Au7BGjGLW,Too Far Gone?,273693,59,0.462,0.99,-4.134,1,0.047,2.77e-05,0.0261,0.0999,0.492,96.579,4,0
07gm9g5b2LF3XJfYPnsVsj,Room of Mirrors,333706,47,0.263,0.989,-3.45,0,0.0533,1.95e-05,0.0535,0.112,0.68,159.332,4,0
4q55PFuLhKPB1JT1ZqYhsL,Inamorata,670253,48,0.495,0.872,-4.062,1,0.0329,0.000289,0.00894,0.0626,0.308,120.443,4,0
0L5ZW54haCFM84is0UhLjj,The Ecstasy of Gold (Live),161053,37,0.112,0.616,-11.209,0,0.0837,0.0741,0.303,0.975,0.124,68.481,4,2
2v0QgowVkLxj9cB1jzj3C0,The Call of Ktulu (Live),554413,33,0.226,0.899,-8.021,0,0.0754,5.02e-05,0.79,0.552,0.0811,133.271,4,2
5YPzY1EmlXP7RoPz3dvhY8,For Whom the Bell Tolls (Live),276640,36,0.276,0.949,-7.676,1,0.0867,7.55e-06,0.109,0.876,0.118,131.589,4,2
5bpoBNwWolJcSlZRi3UPHx,The Day that Never Comes (Live),506853,35,0.298,0.917,-9.244,1,0.0797,0.000116,0.0416,0.906,0.231,136.026,4,2
6HniW4lKCUneQnNOFm6Fdw,The Memory Remains (Live),342437,33,0.176,0.831,-9.025,1,0.0638,0.00225,0.00234,0.903,0.11,81.541,4,2
40EPUsKIP6KMXy0tkkIhdL,Confusion (Live),401295,31,0.356,0.969,-7.569,1,0.0977,2.2e-05,0.0607,0.972,0.216,126.284,4,2
35YBgQqJmonhnnrukXqZXl,Moth Into Flame (Live),377800,32,0.324,0.943,-8.036,1,0.067,1.6e-05,0.0117,0.775,0.209,93.584,4,2
5BAcCATD6kFplCbAZXgYTx,The Outlaw Torn (Live),602720,32,0.328,0.848,-8.467,1,0.0616,2.15e-05,0.017,0.976,0.338,126.572,4,2
3GTmmIGmU3htgNun6b1KBX,No Leaf Clover (Live),330106,37,0.212,0.926,-7.362,1,0.0883,0.000588,0.000747,0.986,0.18,79.408,4,2
1gM1LjcNF8mVO15fBVQo99,Halo on Fire (Live),497466,32,0.274,0.91,-7.479,0,0.079,2.49e-05,0.00687,0.844,0.222,137.409,4,2
6Z7Ms0ymWgen8D4hah0aOh,"Scythian Suite, Opus 20 II: The Enemy God And The Dance Of The Dark Spirits (Live)",219240,26,0.437,0.642,-10.793,1,0.0864,0.376,0.0027,0.732,0.16,117.358,4,2
4t8jSEPAKHSRC1Yafv3ZaS,"The Iron Foundry, Opus 19 (Live)",255972,27,0.39,0.72,-8.312,1,0.069,0.00154,0.689,0.982,0.278,131.626,4,2
7uXDpYQbaGmqjhwXCtvCZL,The Unforgiven III (Live),499093,37,0.308,0.481,-9.719,0,0.0332,0.676,8.23e-06,0.875,0.227,120.242,4,2
4kmgecaibuuVDBmlzDO6Du,All Within My Hands (Live),373973,39,0.323,0.618,-8.946,0,0.0312,0.0101,2.89e-05,0.926,0.171,115.195,4,2
6quzKzsLpJPFx5gnM8G1f8,(Anesthesia) - Pulling Teeth (Live),447586,29,0.197,0.545,-12.236,1,0.0794,0.226,0.726,0.757,0.246,104.678,4,2
6pdl7XmUY3rPniqV34IhOx,Wherever I May Roam,392439,32,0.271,0.937,-6.458,1,0.0715,9.88e-06,0.0162,0.22,0.148,137.964,4,0
0Vrmr1TSHM2GszpPPTYU6P,One (Live),563667,32,0.317,0.868,-8.622,0,0.0684,0.00015,0.23,0.74,0.235,123.395,4,2
0osMS4OWFn1VLNbafufEiP,Master of Puppets (Live),509986,32,0.299,0.945,-7.867,1,0.087,6.64e-06,0.00286,0.976,0.223,112.79,4,2
2RvIBAp36T0LLGF59mhZdv,Nothing Else Matters (Live),399600,32,0.274,0.648,-8.703,0,0.0349,0.0123,0.00152,0.977,0.0907,75.465,3,2
1iBjmtQV8VFKGrmkXJq2bW,Enter Sandman (Live),525759,37,0.281,0.95,-7.242,0,0.145,0.000348,0.0184,0.94,0.094,130.205,4,2
2AcKy1BQI9I3ApTH42hiJ3,"Disposable Heroes (Live at The Masonic, San Francisco, CA - November 3rd, 2018)",449595,25,0.26,0.923,-7.047,1,0.138,0.0226,0.0155,0.866,0.347,182.566,3,2
2NekeB2yqC2ZibAYNdncbz,"When A Blind Man Cries (Live at The Masonic, San Francisco, CA - November 3rd, 2018)",274037,24,0.401,0.641,-8.174,0,0.0459,0.0128,0.0,0.458,0.279,77.762,4,2
6obwpZZlFVablrXylXiZ8O,"The Unforgiven (Live at The Masonic, San Francisco, CA - November 3rd, 2018)",439950,27,0.273,0.844,-7.814,1,0.12,0.0531,0.000415,0.385,0.295,79.203,4,2
3JfhXW83sC2StLrHME2gmP,"Please Don't Judas Me (Live at The Masonic, San Francisco, CA - November 3rd, 2018)",482543,23,0.384,0.453,-11.839,0,0.0525,0.057,7.85e-05,0.115,0.234,137.925,4,2
6fItNaeAd5FAF6kvdA9oQd,"Turn the Page (Live at The Masonic, San Francisco, CA - November 3rd, 2018)",382256,26,0.388,0.644,-8.978,1,0.0654,0.028,1.2e-05,0.333,0.29,79.721,4,2
7dlzncZrDLdeP2U7aWfKj5,"Bleeding Me (Live at The Masonic, San Francisco, CA - November 3rd, 2018)",366292,25,0.348,0.569,-8.249,1,0.0399,0.357,0.000133,0.892,0.208,131.17,4,2
2YYPHHUzqXJYdmVzwvRzv4,"Veteran of the Psychic Wars (Live at The Masonic, San Francisco, CA - November 3rd, 2018)",312555,23,0.527,0.721,-8.26,1,0.0719,0.028,0.00154,0.443,0.503,99.436,4,2
1vggFRUI00PuzvqjMtXXLX,"Nothing Else Matters (Live at The Masonic, San Francisco, CA - November 3rd, 2018)",387776,26,0.289,0.614,-8.096,0,0.0309,0.0647,0.000152,0.675,0.141,156.734,3,2
3zPcw0j0aSbO2Sf75Mafwm,"All Within My Hands (Live at The Masonic, San Francisco, CA - November 3rd, 2018)",424318,23,0.369,0.769,-8.212,0,0.0523,0.0428,6.56e-05,0.792,0.195,117.98,4,2
1lsH8yRds1QXWp9cGIRtWb,"Enter Sandman (Live at The Masonic, San Francisco, CA - November 3rd, 2018)",298981,24,0.372,0.597,-8.992,0,0.0415,0.0226,0.000372,0.316,0.144,112.233,4,2
78sr9HLuorNthIHjh9zWzO,"The Four Horsemen (Live at The Masonic, San Francisco, CA - November 3rd, 2018)",212882,24,0.54,0.804,-6.958,1,0.0505,0.0133,0.0218,0.376,0.581,82.298,4,2
1FzfyibQ3SMeZychD5xxlu,"Hardwired (Live at The Masonic, San Francisco, CA - November 3rd, 2018)",260969,25,0.393,0.944,-7.184,1,0.103,0.00739,0.0896,0.746,0.176,95.926,4,2
08ZZqyOaZ4ntAmBY6A32qL,Hardwired,191331,41,0.13,0.991,-3.126,1,0.0604,1.15e-05,0.00412,0.225,0.505,185.364,4,0
1CvoQuE26MBLWQp9UNB8w8,"Atlas, Rise!",388624,39,0.419,0.994,-3.191,0,0.0596,3.28e-05,0.0192,0.0784,0.41,95.571,4,0
2qH3RhOkM7rua2M5PW8T8A,Now That We're Dead,419074,39,0.566,0.951,-3.591,1,0.0464,0.000101,0.103,0.266,0.345,128.304,4,0
6P6qJr6lXMMqAjIFFHZh9r,Moth Into Flame,350644,40,0.169,0.978,-3.37,0,0.0657,3.28e-05,0.00395,0.0567,0.38,179.035,4,0
62r9T6tJ30yaKQHntxrL0y,Dream No More,389597,33,0.505,0.947,-3.476,1,0.0601,6.31e-05,0.00429,0.0628,0.287,97.615,4,0
1SABG47KTubx9SahfMrZRA,Halo On Fire,495016,36,0.328,0.937,-3.261,0,0.0506,1.31e-05,0.00327,0.0627,0.228,124.431,4,0
2tGlwYApuaa31NHzruefEZ,Confusion,401226,32,0.45,0.991,-3.532,1,0.0656,3.06e-05,0.0247,0.126,0.337,122.285,4,0
34o9P9UJfdBtxEY6mSYnjp,ManUNkind,415599,30,0.295,0.941,-4.167,0,0.0461,2.21e-05,0.00535,0.098,0.354,136.404,4,0
5QfiLL8FuqY6xpHUPIVSqX,Here Comes Revenge,437625,32,0.494,0.98,-3.823,0,0.0666,6.38e-05,0.0822,0.136,0.315,131.148,4,0
3XHM0AL05ZyLo422R3Fa4M,Am I Savage?,389662,31,0.295,0.944,-3.66,1,0.0519,2.1e-05,0.000822,0.0735,0.236,144.03,4,0
5ERsNH9ccVcwpkTSfXNIv1,Murder One,345277,31,0.445,0.953,-3.359,1,0.0408,2.17e-05,0.00251,0.108,0.351,107.222,4,0
3ouyKg8HpcxmoubhUCpFlF,Spit Out the Bone,429198,37,0.157,0.987,-3.739,1,0.091,9.25e-06,0.0628,0.151,0.462,167.949,4,0
3wb7zznyd1Ue1UHv6eMUPv,Lords of Summer,430000,35,0.21,0.974,-3.91,1,0.0579,1.18e-05,0.00326,0.279,0.603,164.035,4,0
1BeDcrY6BrZ3xCOlXkYYAr,Ronnie Rising Medley - A Light In the Black / Tarot Woman / Stargazer / Kill the King,543146,31,0.312,0.914,-5.332,1,0.0607,1.13e-05,0.00108,0.0604,0.425,130.126,4,0
4eE0QdkPZ0vXyN9fDbCNzd,When a Blind Man Cries,275013,35,0.367,0.768,-5.798,1,0.0422,0.000349,0.0608,0.11,0.289,135.067,4,0
0rriP85Dczj50b3bz8V912,Remember Tomorrow,350066,32,0.264,0.953,-3.952,0,0.045,6.94e-05,0.308,0.06,0.321,104.152,4,0
3gGCLCvp1iniDou3oQX7fF,"Helpless - Live at Rasputin Music, Berkeley, CA - April 16th, 2016",188013,24,0.283,0.989,-3.89,1,0.117,1.08e-05,0.055,0.842,0.31,142.874,4,0
3wzthRN7j3xMbSoZqL5Oze,"Hit the Lights - Live at Rasputin Music, Berkeley, CA - April 16th, 2016",247000,23,0.2,0.982,-3.381,1,0.132,3.75e-06,0.24,0.425,0.374,154.858,4,0
62gX0I6LuowSBMFdgSQkxl,"The Four Horsemen - Live at Rasputin Music, Berkeley, CA - April 16th, 2016",319240,26,0.315,0.973,-4.387,1,0.0891,6.7e-06,0.00101,0.955,0.333,107.338,4,0
4dr6uMWtxJT3HgkFk9usO0,"Ride the Lightning - Live at Rasputin Music, Berkeley, CA - April 16th, 2016",416360,27,0.255,0.985,-4.574,1,0.113,1.59e-05,0.00657,0.974,0.288,149.345,4,0
1NlC4RUcqTU11CYRCQJuSQ,"Fade to Black - Live at Rasputin Music, Berkeley, CA - April 16th, 2016",444093,30,0.222,0.919,-5.043,0,0.0781,0.000144,0.0106,0.945,0.373,156.394,4,0
3novFzen6wOB45QLjIkavx,"Jump in the Fire - Live at Rasputin Music, Berkeley, CA - April 16th, 2016",313120,24,0.425,0.948,-5.208,1,0.109,0.000143,0.00171,0.855,0.482,85.444,4,0
1rG3nJTZyRjklXf8VMq8cx,"For Whom the Bell Tolls - Live at Rasputin Music, Berkeley, CA - April 16th, 2016",272000,27,0.288,0.966,-4.604,0,0.0818,4.94e-05,0.0026,0.663,0.248,135.702,4,0
6bNGesDZKFasyWYS5BAWxG,"Creeping Death - Live at Rasputin Music, Berkeley, CA - April 16th, 2016",403173,26,0.3,0.986,-4.665,1,0.132,1.14e-05,0.00649,0.386,0.32,113.746,4,0
6hDQ99tIlC1S8OC2CpIMNU,"Metal Militia - Live at Rasputin Music, Berkeley, CA - April 16th, 2016",367480,23,0.184,0.98,-4.504,1,0.132,5.06e-05,0.00333,0.801,0.332,168.406,4,0
6cVHdquegEopMxjVrztawo,"Hardwired - Live at U.S. Bank Stadium, Minneapolis, MN - August 20th, 2016",210080,25,0.113,0.995,-4.662,1,0.113,1.48e-05,0.00993,0.981,0.265,184.213,4,0
7myke8Id4WyKFlWcRBJdIF,Hardwired,191331,59,0.13,0.991,-3.126,1,0.0604,1.15e-05,0.00412,0.225,0.505,185.364,4,0
7uSx9pDbxfFsXPyZ4pOm7H,"Atlas, Rise!",388624,47,0.419,0.994,-3.191,0,0.0596,3.28e-05,0.0192,0.0784,0.41,95.571,4,0
01LODLnhlfNphZ366BqKc0,Now That We're Dead,419074,47,0.566,0.951,-3.591,1,0.0464,0.000101,0.103,0.266,0.345,128.304,4,0
5sEcwMeC3QDnSOWlyQyQ3E,Moth Into Flame,350644,55,0.169,0.978,-3.37,0,0.0657,3.28e-05,0.00395,0.0567,0.38,179.035,4,0
1GHEFTy1XOzIuqW6MUfyHZ,Dream No More,389597,40,0.505,0.947,-3.476,1,0.0601,6.31e-05,0.00429,0.0628,0.287,97.615,4,0
38azNLH2JwH4j8zidhY3Po,Halo On Fire,495016,42,0.328,0.937,-3.261,0,0.0506,1.31e-05,0.00327,0.0627,0.228,124.431,4,0
1yrpGFcLTSafPrbIpc5ov8,Confusion,401226,38,0.45,0.991,-3.532,1,0.0656,3.06e-05,0.0247,0.126,0.337,122.285,4,0
7FPfl1TIBufq9AIgDiiqMh,ManUNkind,415599,36,0.295,0.941,-4.167,0,0.0461,2.21e-05,0.00535,0.098,0.354,136.404,4,0
6R3C89dZ2xt8EKDpgPEMFc,Here Comes Revenge,437625,38,0.494,0.98,-3.823,0,0.0666,6.38e-05,0.0822,0.136,0.315,131.148,4,0
3LR0MLRmhiPpD15HDWc0uM,Am I Savage?,389662,37,0.295,0.944,-3.66,1,0.0519,2.1e-05,0.000822,0.0735,0.236,144.03,4,0
6bavz6DVogZ45tleQJxlv0,Murder One,345277,38,0.445,0.953,-3.359,1,0.0408,2.17e-05,0.00251,0.108,0.351,107.222,4,0
7MHkweinOceprzkRWIYTTc,Spit Out the Bone,429198,48,0.157,0.987,-3.739,1,0.091,9.25e-06,0.0628,0.151,0.462,167.949,4,0
2MzaSLi8iFWQQ7fBE3rvDe,The Ecstasy of Gold,121373,31,0.124,0.691,-7.61,0,0.0483,0.834,0.193,0.964,0.151,97.395,4,0
3H2wWBP6QXJpOmDKkihBiF,Creeping Death (Live),379013,33,0.296,0.953,-7.456,1,0.103,3.46e-05,0.053,0.364,0.202,121.442,4,2
2VzAyholTBTXhkqxNO8YEh,For Whom The Bell Tolls (Live),279506,33,0.329,0.912,-7.796,0,0.094,0.000198,0.0238,0.739,0.251,137.924,4,2
7E1lrtRqfZUOFHHlh8yYtE,Fuel (Live),237426,32,0.264,0.942,-6.936,1,0.066,3.71e-05,0.000178,0.951,0.248,126.268,4,2
1w3r4q8rgcc2WVHZPUuEnO,Ride the Lightning (Live),414306,30,0.277,0.933,-8.073,1,0.0565,0.000105,0.105,0.952,0.366,153.551,4,2
24zPBt8eViDHZi8UxmN5rS,One (Live),504573,32,0.354,0.913,-9.649,0,0.104,0.000592,0.323,0.924,0.144,130.909,4,2
5fQQDsc1SxPYADUTD2EV2N,The Memory Remains (Live),342800,31,0.289,0.887,-7.15,1,0.0679,0.00422,4.09e-05,0.875,0.194,81.819,4,2
1iH0ZaENhDbWOWesMa8GcY,Wherever I May Roam (Live),378280,31,0.319,0.918,-5.801,1,0.0506,0.000321,0.0026,0.912,0.233,145.299,4,2
0wbh6SnZE3wMCMuJxg9NNO,Cyanide (Live),421426,27,0.291,0.935,-6.988,1,0.0579,6.52e-05,0.0198,0.948,0.287,140.569,4,2
56GEAKYqvZd4FVNIKzFSta,...And Justice for All (Live),557733,29,0.368,0.897,-7.379,1,0.0395,4.95e-05,0.0925,0.955,0.321,95.023,4,2
41sVWpRzx9EW7qhpPSr3Af,Master of Puppets (Live),505360,34,0.326,0.947,-7.177,1,0.0612,4.95e-05,0.0174,0.965,0.283,116.188,4,2
6ZXwOCfJ4d3R39fhieeeQS,Battery (Live),313586,28,0.341,0.982,-6.925,1,0.126,0.000157,0.00246,0.412,0.0833,101.51,4,2
1HoBsGG0Ss2Wv5Ky8pkCEf,Nothing Else Matters (Live),441960,29,0.265,0.658,-6.855,0,0.0314,0.0723,0.00113,0.659,0.06,163.236,3,2
50K1S7dtgGRnsyuAV5NG14,Enter Sandman (Live),381666,28,0.323,0.914,-7.349,1,0.0891,0.00265,0.000381,0.953,0.185,139.058,4,2
4l5mXDSuZ3cnI6eWQMTOrb,Hit The Lights (Live),279866,26,0.231,0.908,-7.77,1,0.0772,3.96e-05,0.0626,0.89,0.429,166.523,4,2
2FUf1dlkvcgKOiKpMIOl2j,Orion (Live),506880,34,0.29,0.76,-8.37,1,0.0427,0.00124,0.924,0.0544,0.477,166.573,3,2
3UqG4RqBe5fsjqDu2iBZK2,Brandenburg Gate,259720,24,0.334,0.779,-3.981,1,0.0508,0.0233,0.0,0.168,0.282,122.705,4,0
77o1A0eBvU3UfC8u4GG8XT,The View,317466,24,0.252,0.919,-2.949,0,0.0701,0.000338,0.0,0.107,0.3,74.158,4,0
1yDaWE3SArHmIl8khKAWd7,Pumping Blood,444133,21,0.328,0.902,-5.125,1,0.132,0.00533,3.88e-05,0.152,0.271,135.223,4,0
5NSSeFthY3wqM8gsen1gWL,Mistress Dread,411493,18,0.259,0.978,-4.611,1,0.102,0.000221,0.00632,0.177,0.0488,102.939,4,0
0vtI6MH88W7sia4QfxYsXh,Iced Honey,275946,19,0.417,0.912,-3.475,1,0.0645,0.00561,0.0,0.0957,0.43,116.098,4,0
2xFILWNlp8tKNKVpCXjWKA,Cheat on Me,686266,17,0.352,0.715,-5.552,0,0.0465,0.0089,0.00215,0.128,0.0421,103.433,4,0
1JNbkaRDu7tDxxtTX1Ij5U,Frustration,513973,17,0.309,0.742,-5.274,1,0.116,0.00106,0.0427,0.135,0.152,173.88,4,0
3tdBx6sRWZgnniLrz7ZVms,Little Dog,481680,15,0.393,0.192,-17.568,0,0.035,0.845,0.0256,0.112,0.161,116.367,4,0
5ZrehhPyYi7KgzUCYiaEFC,Dragon,668173,16,0.374,0.91,-4.993,1,0.121,0.00576,0.000143,0.142,0.0999,121.713,4,0
2zg2zQsXs0o6hCH9MTkZzw,Junior Dad,1168906,19,0.253,0.248,-9.062,1,0.0355,0.0196,0.597,0.111,0.0698,112.217,4,0
2otSugsyrMFRi7ohdeB635,That Was Just Your Life,428320,45,0.251,0.994,-2.29,1,0.109,0.000577,0.0018,0.0898,0.361,189.891,4,0
3KFtAMirz8dF1gApXdWMRf,The End Of The Line,472360,44,0.335,0.985,-2.383,0,0.0921,0.000115,0.000807,0.135,0.202,106.552,4,0
5xABQiiRBuVWsL9zamoj1G,"Broken, Beat & Scarred",385466,44,0.323,0.982,-1.459,1,0.0869,4.9e-05,0.00415,0.237,0.48,121.895,4,0
2gqzkEF88vMclfRZEIOnQO,The Day That Never Comes,476266,60,0.334,0.986,-1.046,0,0.0576,0.000114,0.0353,0.0805,0.48,124.668,4,0
5w3TTTAo6DIEjQYO3vKZq0,All Nightmare Long,477013,54,0.271,0.985,-0.805,1,0.123,0.000568,0.00112,0.0809,0.354,182.981,4,0
2LfonCFEOzFedikP12rTeo,Cyanide,399546,48,0.313,0.993,-0.463,0,0.0751,0.000119,0.000335,0.303,0.497,129.255,4,0
6guXhXMAHU4QYaEsobnS6v,The Unforgiven III,466586,56,0.298,0.766,-3.485,0,0.0347,0.00203,3.84e-06,0.117,0.0923,121.555,4,0
3XLnsk7Xs7ONROfmWTB58u,The Judas Kiss,480760,41,0.412,0.975,-0.974,0,0.0719,0.000444,0.00325,0.0387,0.465,88.673,4,0
0rd4qVsMPD8YtAZEpsalT6,Suicide & Redemption,597720,42,0.256,0.955,-2.224,0,0.0733,4.78e-05,0.836,0.0877,0.396,164.397,4,0
6qIleHbUTXcGfBfQ8h0R2n,My Apocalypse,301013,42,0.262,0.993,-1.27,0,0.199,0.000199,0.00182,0.0962,0.279,199.915,4,0
6ji9oUOQtCWGLra4XoY5dQ,Some Kind Of Monster,505546,25,0.337,0.938,-5.266,1,0.0532,0.000475,0.238,0.186,0.648,105.377,4,0
6rwAQ8iEabmTCgjEJsDbPw,The Four Horsemen - Live,320586,18,0.408,0.988,-3.068,1,0.0526,9.28e-05,0.00448,0.353,0.33,110.817,4,0
1lRDIwSH5N1h3UwTGG2yyu,"Damage, Inc. - Live",299240,16,0.306,0.98,-3.478,0,0.0623,5.29e-05,0.0291,0.857,0.35,98.824,4,0
5wxO3w2Jh1QyxwDogm5aWE,Leper Messiah - Live,355680,17,0.37,0.97,-3.139,1,0.0558,7.25e-05,0.015,0.869,0.462,139.831,4,0
5xST97rDkmTG1kErXfvkl6,Motorbreath - Live,199933,15,0.367,0.994,-2.761,0,0.113,0.000897,8.44e-05,0.616,0.363,101.632,4,0
4eTsF6IJzeuBoIlRVXQsm7,Ride The Lightning - Live,400920,18,0.29,0.989,-2.908,0,0.0583,3.69e-05,0.113,0.966,0.528,150.965,4,0
1PumZzDzB0IA84mgDxLzc8,Hit The Lights - Live,252360,15,0.26,0.993,-2.589,1,0.137,9.97e-05,0.212,0.916,0.391,164.085,4,0
5gRty0VvZthglRgdfnyYiD,Some Kind Of Monster - Edit,256746,23,0.393,0.895,-3.483,1,0.073,0.00017,0.00386,0.208,0.421,105.332,4,0
09NpqcWK5TLI86HbHv3N0L,Frantic,350360,47,0.483,0.978,-3.063,0,0.0882,0.00497,0.125,0.0782,0.563,161.764,4,0
3fOc9x06lKJBhz435mInlH,St. Anger,441133,56,0.249,0.949,-2.642,0,0.0678,0.00131,0.0228,0.0953,0.498,185.252,4,0
3mNOQhKgWNgtWIq4SGND8j,Some Kind Of Monster,505546,44,0.337,0.938,-5.266,1,0.0532,0.000475,0.238,0.186,0.648,105.377,4,0
6BW7c1H0hOJ83lcKTbUR47,Dirty Window,324906,40,0.366,0.981,-4.234,1,0.0843,0.0121,0.000136,0.386,0.439,127.454,4,0
1mbtnFSKbTmvbYxecgFb57,Invisible Kid,510093,38,0.491,0.988,-5.205,1,0.0908,0.0065,0.516,0.0569,0.408,157.839,4,0
0rVZ9iDQCmb2nyB8RvfAOv,My World,345533,36,0.329,0.982,-4.456,1,0.083,0.0018,0.00456,0.281,0.351,99.153,4,0
2O4M60YhdylyjSNOXQMlIE,Shoot Me Again,430106,38,0.55,0.927,-4.324,1,0.0815,0.00061,0.0135,0.0458,0.347,111.432,4,0
5fU6qjmD38P90BMsuqpiuU,Sweet Amber,327133,38,0.479,0.913,-5.335,1,0.0625,0.00114,0.000107,0.226,0.413,93.213,4,0
6gcGqslzlXlwt4UCjXxrgN,The Unnamed Feeling,427893,39,0.469,0.915,-5.235,1,0.0643,0.000826,0.00421,0.11,0.441,140.421,4,0
0HZpiUtrwCqKChQn0x6Bqy,Purify,313933,35,0.506,0.988,-3.139,1,0.0733,0.00213,0.00399,0.296,0.235,105.531,3,0
2XDPSz4jo6FiOoRc7pfgm3,All Within My Hands,525893,36,0.553,0.966,-4.489,0,0.086,0.00392,0.00241,0.237,0.302,105.786,4,0
0bzvbai7mhD7fxxusyqf44,The Ecstasy Of Gold - Live with the SFSO,150600,42,0.203,0.589,-8.763,1,0.0573,0.331,0.604,0.825,0.0484,85.735,3,0
7KLL4TSjeDuFo6VtM9gNWk,The Call Of Ktulu - Live with the SFSO,574266,39,0.284,0.937,-5.11,0,0.0534,3.72e-05,0.84,0.426,0.0929,131.852,4,0
0wFL6kJKvHY6t5OcOiAbCZ,Master Of Puppets - Live with the SFSO,534773,40,0.279,0.99,-3.312,1,0.0971,6.36e-06,0.00442,0.726,0.24,107.146,4,0
0oYB2jJWFABCjNRY4KSZ9w,Of Wolf And Man - Live with the SFSO,258866,37,0.392,0.977,-3.497,0,0.0725,1.36e-05,5.57e-05,0.979,0.277,125.687,4,0
37DziDjAAxRySqsYGNYBlW,The Thing That Should Not Be - Live with the SFSO,446666,37,0.263,0.914,-5.474,0,0.0593,9.07e-06,0.0607,0.379,0.18,112.99,4,0
7yQP0dsMgIV5FJT94htpxe,Fuel - Live with the SFSO,275893,39,0.295,0.99,-4.04,0,0.177,1.7e-05,0.000151,0.71,0.148,115.569,4,0
4jfrFYcMWGojddctOCCSjL,The Memory Remains - Live with the SFSO,282373,38,0.326,0.975,-4.763,1,0.0868,0.000243,0.000476,0.962,0.324,76.444,4,0
0n4AllHzf3ma4ki20Y9h00,No Leaf Clover - Live with the SFSO,343200,54,0.246,0.952,-5.045,0,0.114,0.000558,0.00193,0.959,0.387,151.374,4,0
64PaBtqwPjhOg40JJCaWMo,Hero Of The Day - Live with the SFSO,284626,40,0.252,0.895,-5.34,1,0.0969,0.000771,0.000402,0.984,0.223,121.658,4,0
6sJT6EIer5VO2T05Qbg3cC,Devil's Dance - Live with the SFSO,326000,36,0.481,0.927,-3.615,0,0.047,2.82e-05,0.00432,0.988,0.371,96.39,4,0
5AJatXoJVwQQEtxp8Wq21O,Bleeding Me - Live with the SFSO,541640,37,0.27,0.909,-4.983,1,0.0577,5.52e-05,0.000183,0.977,0.333,132.409,4,0
5kFv1XqZifUS3gPfFSrnjW,Nothing Else Matters - Live with the SFSO,407266,41,0.276,0.611,-7.889,0,0.0343,0.000539,0.0791,0.975,0.0857,144.977,3,0
282rwnxfCemhohGXpwbi3X,Until It Sleeps - Live with the SFSO,269973,37,0.271,0.946,-4.161,1,0.0639,9.89e-06,0.000257,0.408,0.32,124.968,4,0
6EmUlknZSc3QK8JSk7F2Qt,For Whom The Bell Tolls - Live with the SFSO,292160,38,0.318,0.978,-3.93,0,0.127,1.51e-05,0.00829,0.978,0.171,126.87,4,0
5fsJYr9OnwU1jBfrK0th9s,Human - Live with the SFSO,259800,37,0.289,0.918,-4.761,1,0.0545,3.04e-05,0.0213,0.988,0.366,97.739,4,0
1ZCj3AabIF9OtX1ZMKvhnE,Wherever I May Roam - Live with the SFSO,421466,36,0.26,0.943,-4.193,1,0.0661,1.87e-05,0.00342,0.958,0.191,136.349,4,0
7C9TNEdXSMJjuJS5hczUXj,The Outlaw Torn - Live with the SFSO,598906,36,0.327,0.882,-5.307,0,0.0493,1.65e-05,0.00419,0.983,0.389,126.022,4,0
5snyl56jcL8JMOqR02HYCA,Sad But True - Live with the SFSO,346266,36,0.294,0.977,-3.732,1,0.0731,1.59e-05,0.00209,0.928,0.243,92.375,4,0
1L3xLJzYMRCN6ydha1XF42,One - Live with the SFSO,473066,37,0.292,0.949,-5.735,0,0.134,6.57e-06,0.279,0.992,0.238,124.283,4,0
0T3Pft6gyhtBCrGOsSrvlE,Enter Sandman - Live with the SFSO,459133,36,0.278,0.97,-4.537,0,0.145,0.000144,0.0481,0.966,0.152,131.288,4,0
2T9a3ToWrj8ijGUzCtlRNz,Battery - Live with the SFSO,444666,35,0.239,0.976,-5.29,1,0.344,0.000109,0.362,0.954,0.125,96.485,4,0
0i5rdIyrXsxgi00aqX1gUs,Free Speech For The Dumb,155533,36,0.441,0.941,-4.589,0,0.0383,1.81e-06,0.857,0.365,0.525,101.768,4,0
5Jf09YPlxBfhy9QzjNzp0S,It's Electric,213933,39,0.496,0.968,-3.152,0,0.0929,0.000184,0.0,0.112,0.619,90.918,4,0
08uoEjd9YjT1KDTKuTkfQq,Sabbra Cadabra,380240,42,0.338,0.951,-3.277,0,0.0621,0.000222,6.89e-06,0.107,0.344,141.016,4,0
7HPhrbgMHV5cUskknWA2oo,Turn The Page,366400,63,0.422,0.818,-3.941,1,0.0319,1.64e-05,0.0137,0.0931,0.228,149.045,4,0
0EJ3N6BhFDrUc26xBEpztv,"Die, Die My Darling",149333,53,0.449,0.975,-2.789,0,0.0582,0.00045,0.0,0.14,0.785,178.069,3,0
6mb5AfuKhjaU1l1eyDQEXy,Loverman,472693,40,0.515,0.512,-6.017,1,0.0429,0.00174,0.000134,0.106,0.255,128.958,4,0
45oVrneg2MiwAA74KgmtBj,Mercyful Fate,671573,40,0.328,0.952,-4.037,1,0.0635,1.12e-05,0.000334,0.0721,0.535,139.295,4,0
6FCSwETzhnykKYJLIMTewZ,Astronomy,397533,41,0.331,0.782,-5.624,0,0.0413,0.000157,0.0106,0.146,0.157,85.741,4,0
3ZpWy5rBZv2aLQAldnmTsP,Whiskey In The Jar,304893,67,0.511,0.972,-3.751,1,0.0413,5.36e-06,0.00101,0.19,0.532,132.97,4,0
3kjrWJMt1j9nl3favBZQIH,Tuesday's Gone,545733,47,0.457,0.599,-5.693,1,0.0273,0.0115,3.41e-06,0.709,0.31,136.102,3,0
0iEjWoFJLHPBjsV7vk1L8g,The More I See,288733,35,0.416,0.959,-5.139,1,0.0495,2.81e-06,0.0349,0.117,0.054,94.821,4,0
7wZrvpm5IAyCjg1PAVRwP6,Helpless,398333,38,0.309,0.985,-5.261,0,0.0756,4.24e-06,0.0115,0.101,0.602,150.289,4,0
4j0ridh4Q1pWDlxKkXpAif,The Small Hours,403240,39,0.478,0.858,-4.665,1,0.0388,0.000443,0.188,0.0822,0.554,89.314,4,0
2GNsDkUXo7qnkdW1g3hMDx,The Wait,295266,42,0.338,0.974,-4.896,1,0.0493,4.57e-05,0.633,0.104,0.69,163.94,4,0
6ynUnFkUxBvzlfyWqxPVDF,Crash Course In Brain Surgery,190333,39,0.555,0.984,-4.232,1,0.105,5.21e-05,0.355,0.0366,0.421,87.663,4,0
2huEOPsK2M0GbgfoiTqEdy,Last Caress / Green Hell,209800,40,0.339,0.998,-4.532,1,0.0568,3.23e-05,0.0292,0.0238,0.273,103.25,4,0
0vFDo1ed4LC3pmISYHeJV3,Am I Evil?,470133,45,0.349,0.943,-5.704,1,0.0922,0.00129,0.454,0.0529,0.518,97.491,4,0
2HmQF64EQZeVt34QcTHitk,Blitzkrieg,216800,40,0.492,0.968,-6.332,1,0.0559,0.000834,0.533,0.0661,0.631,98.825,4,0
5s2iMB6rN20tCQMmtuzuNa,Breadfan,341266,41,0.38,0.926,-7.49,1,0.0715,0.000338,0.136,0.638,0.148,123.285,4,0
2AaGEFSF73oqaJ76Btt2vt,The Prince,265666,35,0.269,0.957,-6.261,0,0.109,4.43e-05,0.02,0.0972,0.562,164.071,4,0
452eWE1sXO6L0HgNoqZbpE,Stone Cold Crazy,137626,43,0.448,0.942,-3.298,1,0.0819,0.000164,0.000258,0.0564,0.611,126.301,4,0
6BMu02ms9MpX99hHgACYRE,So What,188973,43,0.533,0.983,-2.964,1,0.0674,0.00118,3.13e-05,0.378,0.382,94.938,4,0
512XpdaHycrEZKIW3BraHs,Killing Time,183733,33,0.47,0.99,-3.523,0,0.0584,0.000171,0.00414,0.12,0.353,117.054,4,0
32pqukixTk9qRlWXPwnw5K,Overkill,244960,35,0.387,0.995,-3.97,1,0.211,4.11e-06,0.844,0.131,0.0553,132.23,4,0
1z12wAVxBan3TOYmuGseya,Damage Case,220306,33,0.453,0.988,-2.775,1,0.0734,8.15e-05,0.211,0.218,0.294,81.801,4,0
266SNdiM0KGi2lM1alS4ym,Stone Dead Forever,291960,33,0.348,0.989,-3.329,1,0.088,3.42e-05,0.183,0.151,0.331,102.423,4,0
1mOrFr6ycCtOYIuUyy7uTC,Too Late Too Late,192133,32,0.458,0.989,-3.439,1,0.0751,2.79e-05,0.0336,0.0445,0.327,98.027,4,0
1tTPC0hsnXq1IGpvWY54JC,Fuel,269733,68,0.491,0.951,-3.775,1,0.0465,2.3e-05,0.00354,0.0424,0.555,106.948,4,0
0vhOJ8a3M2LWnBNrDXJKDl,The Memory Remains,279240,59,0.432,0.904,-3.697,0,0.0432,0.000321,0.00982,0.206,0.6,144.401,4,0
1s36Y4giRH7VYiE0Iw1Z6i,Devil's Dance,318960,48,0.611,0.795,-4.875,0,0.0318,4.17e-05,0.146,0.0614,0.489,92.582,4,0
0IGXkVRn0uCsgn4FvIfpgB,The Unforgiven II,396440,60,0.49,0.884,-4.533,0,0.0428,0.000514,0.00177,0.27,0.254,132.978,4,0
52TariT5sfkYzKRwdVMrRw,Better Than You,321600,40,0.477,0.964,-5.44,1,0.052,3.59e-05,0.532,0.893,0.459,78.193,4,0
4E8tO8klOrcNGojpOvttMD,Slither,313200,40,0.505,0.857,-3.841,1,0.0352,3.93e-05,0.00777,0.174,0.51,110.501,4,0
5Raz1bgliM4doMnDaOyElV,Carpe Diem Baby,372200,44,0.387,0.866,-5.336,0,0.0346,1.38e-05,0.129,0.161,0.463,142.35,4,0
424n1SLlo8uYe5d9WzMrNj,Bad Seed,245333,39,0.548,0.946,-4.236,1,0.0439,2.6e-05,0.00902,0.312,0.713,126.915,4,0
4y8YNER0bmZhPOTJr76IiR,Where The Wild Things Are,414133,39,0.454,0.888,-4.844,1,0.0485,0.000375,0.0204,0.109,0.166,92.221,4,0
26A8IIHFL1Y9GufqR3I65T,Prince Charming,365226,39,0.551,0.975,-3.682,0,0.0469,1.97e-05,0.000811,0.0235,0.461,99.813,4,0
540SK3uC90geLZkbZrnpH9,Low Man's Lyric,457266,42,0.463,0.677,-6.19,1,0.0273,0.00232,0.000308,0.352,0.156,130.893,3,0
3mvunz8CB5WH2yLigeRw1w,Attitude,316240,37,0.458,0.972,-4.38,1,0.0451,1.28e-05,0.00718,0.331,0.628,155.514,4,0
3nPUPTVGhcRStUxcvM5xtI,Fixxxer,495226,40,0.48,0.837,-4.644,1,0.0452,0.000163,0.000244,0.0539,0.385,132.695,4,0
7LMeflTW3D3JRKaA2JK9KJ,Ain't My B*tch,304173,48,0.412,0.905,-4.525,0,0.0315,2.49e-05,0.0464,0.106,0.411,157.603,4,0
4M0aGQRCNnL77XUkvGO6If,2 X 4,328200,45,0.518,0.898,-4.448,1,0.0352,4.19e-06,0.0134,0.516,0.688,115.792,4,0
4GgHgoto2yRwvFk25vujpZ,The House Jack Built,398960,43,0.277,0.863,-5.378,1,0.0343,1.51e-05,0.00372,0.134,0.276,94.044,4,0
63aVbch5VRXtQnCITdeDTZ,Until It Sleeps,269573,61,0.562,0.919,-4.458,0,0.0293,0.000223,0.113,0.142,0.728,113.357,4,0
140u2dqlZbpi4ZLgeolKqA,King Nothing,328133,60,0.528,0.909,-5.712,1,0.0381,7.77e-05,0.00959,0.0891,0.349,112.083,4,0
5ktyEZbrgBEePsu6MW5Cvw,Hero Of The Day,261693,56,0.351,0.9,-7.146,1,0.0357,0.000107,0.0262,0.11,0.777,116.023,4,0
2IenDzi8pYn8c4WRteZai0,Bleeding Me,498133,49,0.391,0.761,-6.062,1,0.0319,0.000891,0.0301,0.128,0.247,115.723,4,0
5De0T23DDwoV7TN5A3sHEY,Cure,294200,41,0.609,0.846,-5.43,1,0.0276,2e-05,0.000909,0.0574,0.778,115.274,4,0
4XfQg5rBmwbZjmXbp0wxds,Poor Twisted Me,240000,40,0.477,0.919,-4.741,1,0.0681,9.91e-05,0.045,0.0413,0.476,118.243,4,0
3tIV4YWEZyzq4QtgvIgwxL,Wasting My Hate,237440,42,0.512,0.92,-5.684,1,0.0493,0.000108,0.0272,0.111,0.432,81.461,4,0
4ePx4Js87KSIVMLL4RD7vX,Mama Said,319600,50,0.451,0.497,-7.694,0,0.0311,0.0186,0.000505,0.395,0.397,135.298,4,0
2aKhGkbQ6mWIGsR0kpSdfj,Thorn Within,351560,40,0.526,0.897,-5.848,0,0.0311,1.59e-05,0.408,0.295,0.651,117.699,4,0
4Vv7tatQcfAZcXmMh7ireQ,Ronnie,317200,41,0.552,0.907,-5.476,1,0.0329,0.00145,0.00353,0.0481,0.591,84.469,4,0
44ARj4IaCoOevEu1oy0z1v,The Outlaw Torn,588600,45,0.621,0.725,-6.802,1,0.0318,0.00026,0.0637,0.368,0.418,118.515,4,0
4hhU32QuGlRshHRE8wXEgw,Enter Sandman (Live in Mexico City),447773,38,0.223,0.953,-6.617,0,0.115,0.00029,0.525,0.611,0.0469,133.322,4,2
091rXbVrcCxRF8jt5oCAzk,Creeping Death (Live in Mexico City),448226,36,0.244,0.987,-7.448,0,0.147,4.99e-06,0.159,0.885,0.0611,115.08,4,2
1HOrB4LPlKBC9tyX0bPNjs,Harvester of Sorrow (Live in Mexico City),438506,33,0.305,0.976,-6.593,1,0.117,0.000273,0.0196,0.6,0.0676,94.904,4,2
04CeQpd8Hv8jQ7hlc0Nq5J,Welcome Home (Sanitarium) (Live in Mexico City),399426,32,0.257,0.976,-7.565,0,0.179,7.79e-05,0.0394,0.965,0.0827,114.639,4,2
246F6v76CuIkRkgcIgBBi6,Sad But True (Live in Mexico City),367106,33,0.351,0.965,-6.708,0,0.0765,0.00173,0.00825,0.98,0.121,89.711,4,2
4cwQcWL0Al95wSGg0oHaSB,Of Wolf and Man (Live in Mexico City),382293,30,0.218,0.984,-6.376,1,0.151,0.000622,0.000386,0.809,0.0398,129.711,4,2
0vJLun1cVa9x6bTKQH8mKM,The Unforgiven (Live in Mexico City),408000,33,0.292,0.94,-6.905,1,0.0617,0.00263,0.00181,0.984,0.214,147.165,4,2
1v7CRxkZCDYFTBbHkWxPen,"Justice Medley (Eye of the Beholder, Blackened, The Frayed Ends of Sanity & ...And Justice for All) (Live in Mexico City)",578373,30,0.236,0.987,-5.473,1,0.236,0.000118,0.00653,0.981,0.0759,90.337,4,2
66huunYSa95tT6yNOGZpE6,Solos (Bass/Guitar) (Live in Mexico City),1128800,25,0.223,0.756,-12.954,1,0.126,0.0684,0.316,0.372,0.198,130.459,4,2
6EA543paJpFe3GJPop7Mt9,Through The Never (Live in Mexico City),226933,28,0.378,0.991,-6.311,0,0.122,6.39e-05,0.00111,0.8,0.06,108.093,4,2
1tbYyV4OLzESYAnQVrfafv,For Whom The Bell Tolls (Live in Mexico City),348333,31,0.265,0.959,-7.885,0,0.125,4.76e-05,0.14,0.977,0.0916,128.292,4,2
5fZkqUeHwq2wKloT4Xha0S,Fade To Black (Live in Mexico City),432333,31,0.247,0.907,-8.319,1,0.116,9.09e-05,0.0102,0.986,0.19,115.737,4,2
6JUnhPGCcauwmkmDRnfZJA,Master Of Puppets (Live in Mexico City),275333,30,0.309,0.979,-6.928,0,0.169,0.000199,0.000491,0.73,0.12,109.053,4,2
4KNmrguOd4soanvj33WTuT,Seek & Destroy (Live in Mexico City),1088333,31,0.257,0.968,-5.996,1,0.123,3.99e-05,0.0218,0.803,0.219,156.881,4,2
4MNXN43j4bEHxypCxPjA6F,Whiplash (Live in Mexcio City),333666,29,0.351,0.96,-7.31,0,0.172,3.64e-05,0.0154,0.985,0.148,93.457,4,2
3aHsyt4NnRzrW2bYutgN9d,Nothing Else Matters (Live in Mexico CIty),381666,28,0.289,0.725,-8.086,0,0.0375,0.0133,0.00617,0.924,0.157,147.532,3,2
0zgKVOUaarAxAFFdEUu9F8,Wherever I May Roam (Live in Mexico City),392573,27,0.225,0.964,-6.113,1,0.127,6.52e-05,0.00497,0.77,0.118,140.39,4,2
7CtTnD577jekH458V0Uf3P,Am I Evil? (Live in Mexico City),341693,26,0.217,0.98,-7.567,1,0.144,0.000996,0.00867,0.639,0.053,148.533,4,2
3MBgkMQODYxw15yoKe5jVz,Last Caress (Live in Mexico City),84773,26,0.347,0.981,-6.531,1,0.0864,0.000228,2.74e-06,0.45,0.182,107.966,3,2
0TOGRpIH1MOk4IZ0oeb1Lq,One (Live in Mexico City),627000,28,0.297,0.964,-8.415,1,0.149,4.25e-05,0.781,0.984,0.088,126.518,4,2
0jHMxIoV5kZOeL1hJzCrQi,Battery (Live in Mexico City),604866,25,0.274,0.964,-7.869,0,0.174,2.01e-05,0.0337,0.979,0.114,103.332,4,2
5NvNNr4IlBXbonQ07gZZDH,The Four Horsemen (Live in Mexico City),367733,25,0.379,0.92,-8.283,0,0.103,2.63e-05,0.0188,0.989,0.127,110.934,4,2
3kErlnWMLD7rg6IWfST8Yd,Motorbreath (Live in Mexico City),194426,25,0.221,0.924,-8.179,1,0.118,9.2e-06,0.264,0.445,0.13,99.133,4,2
5p3hyJFgz56jj4FozxuWkV,Stone Cold Crazy (Live in Mexico City),332200,25,0.247,0.99,-7.098,0,0.231,0.00182,0.0892,0.616,0.0382,125.917,4,2
3VqHuw0wFlIHcIPWkhIbdQ,Enter Sandman (Remastered),331560,78,0.566,0.834,-8.412,0,0.0298,0.00277,0.008,0.0625,0.621,123.296,4,1
5UaDi8KzCGJqFfVAOBfXhi,Sad But True (Remastered),324600,69,0.624,0.876,-6.005,1,0.0342,0.000926,0.00164,0.0561,0.453,89.24,4,1
5VJ05rDJ2O4cECGNbWPi64,Holier Than Thou (Remastered),227573,56,0.458,0.97,-5.915,0,0.0408,0.00178,0.272,0.0826,0.342,172.123,4,1
7lwvxYumAEo10lzAplRGXM,The Unforgiven (Remastered),387160,68,0.531,0.583,-9.47,1,0.0256,0.0184,0.00624,0.255,0.207,139.503,4,1
745sNpjWbAxo2MA2zSYbyD,Wherever I May Roam (Remastered),404333,67,0.539,0.834,-7.459,0,0.0364,0.000646,0.000516,0.119,0.339,131.383,4,1
0u9ORuO4xOQY5SHxNcvCnV,Don't Tread on Me (Remastered),240160,60,0.655,0.882,-6.471,0,0.0491,0.0068,0.00297,0.259,0.678,108.019,4,1
0Nl9491E3l4mDUBlHhuWpD,Through the Never (Remastered),244533,54,0.384,0.95,-5.943,0,0.0546,0.0109,0.351,0.139,0.482,94.266,4,1
2CtemffYhT0DJWcT1XW047,Nothing Else Matters (Remastered),388733,73,0.547,0.394,-9.793,0,0.0262,0.0522,6.4e-06,0.0795,0.17,142.37,3,1
55bio2ZtgCnUWsbANOEETT,Of Wolf and Man (Remastered),256573,55,0.605,0.792,-6.87,1,0.0366,0.000988,0.0382,0.0852,0.47,121.768,4,1
1O0GYt4Kak2eU6GXJuSYot,The God That Failed (Remastered),308506,54,0.551,0.813,-6.406,1,0.0363,0.000451,0.000123,0.174,0.431,83.046,4,1
6e9oTF6tSrSReHI6IcHZef,My Friend of Misery (Remastered),409666,53,0.567,0.855,-7.623,0,0.0355,0.000235,0.00714,0.1,0.329,119.513,4,1
4r0gODFlBlIZ12NsNf38qf,The Struggle Within (Remastered),232648,50,0.466,0.944,-6.498,1,0.0514,0.0014,0.0289,0.236,0.505,98.766,4,1
18L6LjRgI7Uzw17NySgJgg,Enter Sandman (Remastered),331560,43,0.566,0.834,-8.412,0,0.0298,0.00277,0.008,0.0625,0.621,123.296,4,1
6jhvx4ZUZ6yzeTZCJIfpnv,Sad But True (Remastered),324600,39,0.624,0.876,-6.005,1,0.0342,0.000926,0.00164,0.0561,0.453,89.24,4,1
2ELuSVgdfyesFpPhrsPVK8,Holier Than Thou (Remastered),227573,32,0.458,0.97,-5.915,0,0.0408,0.00178,0.272,0.0826,0.342,172.123,4,1
72mHGBRwdCbOREeggrqTyv,The Unforgiven (Remastered),387160,38,0.531,0.583,-9.47,1,0.0256,0.0184,0.00624,0.255,0.207,139.503,4,1
5oBppWiYjmniKzIQbu5pwA,Wherever I May Roam (Remastered),404333,39,0.539,0.834,-7.459,0,0.0364,0.000646,0.000516,0.119,0.339,131.383,4,1
67WPHiwC4j5G6KOzPeCIJ6,Don't Tread on Me (Remastered),240160,33,0.655,0.882,-6.471,0,0.0491,0.0068,0.00297,0.259,0.678,108.019,4,1
6k64F5PfrY3XUq8dfzggov,Through the Never (Remastered),244533,30,0.384,0.95,-5.943,0,0.0546,0.0109,0.351,0.139,0.482,94.266,4,1
387HyFFE8BOAi7lv9tIUJP,Nothing Else Matters (Remastered),388733,38,0.547,0.394,-9.793,0,0.0262,0.0522,6.4e-06,0.0795,0.17,142.37,3,1
0KZQbZkAMctXVhVnMZrqEU,Of Wolf and Man (Remastered),256573,31,0.605,0.792,-6.87,1,0.0366,0.000988,0.0382,0.0852,0.47,121.768,4,1
4I5GURjkqllXIFHcRKdk8m,The God That Failed (Remastered),308506,30,0.551,0.813,-6.406,1,0.0363,0.000451,0.000123,0.174,0.431,83.046,4,1
1oKNxGzv9mPjSW26I9BpXs,My Friend of Misery (Remastered),409666,30,0.567,0.855,-7.623,0,0.0355,0.000235,0.00714,0.1,0.329,119.513,4,1
4S3mvxD4exlKZJQamK6iUV,The Struggle Within (Remastered),232648,27,0.466,0.944,-6.498,1,0.0514,0.0014,0.0289,0.236,0.505,98.766,4,1
0NY85Z6e239hIONzjYBhl2,"Enter Sandman (Live at Wembley Stadium, London, England - April 20th, 1992)",418677,21,0.32,0.931,-8.883,0,0.103,0.000187,0.000148,0.737,0.16,132.763,4,2
5FJEzMV5tJmERh7FLc4XpQ,"Sad But True (Live at Wembley Stadium, London, England - April 20th, 1992)",334362,19,0.405,0.828,-8.334,0,0.0406,2.73e-05,0.00349,0.766,0.315,92.639,4,2
39l8SqIp4Ig6mrxlIOTSpI,"Nothing Else Matters (Live at Wembley Stadium, London, England - April 20th, 1992)",383747,18,0.31,0.575,-8.737,0,0.0283,0.00166,0.000773,0.996,0.125,140.001,3,2
4Z0YuKJ7gdaKUfrwQBYe2a,The Ecstasy of Gold - live,113509,0,0.199,0.623,-13.832,0,0.078,0.0227,0.517,0.903,0.103,98.018,4,0
1KogAwAyqXzHwuEXiURTdY,"Enter Sandman (Live at Tushino Airfield, Moscow, Russia - September 28th, 1991)",321413,30,0.369,0.945,-7.166,0,0.0734,1.64e-05,0.017,0.62,0.241,130.173,4,2
2QrsAhWpG7BPLRlBCqLq64,"Creeping Death (Live at Tushino Airfield, Moscow, Russia - September 28th, 1991)",477249,31,0.246,0.946,-7.894,1,0.0995,3.81e-06,0.279,0.769,0.211,105.189,4,2
6kGNRqVageQZ4lqz3ZuR7i,"Harvester of Sorrow (Live at Tushino Airfield, Moscow, Russia - September 28th, 1991)",423636,28,0.37,0.952,-7.807,1,0.0963,1.69e-05,0.0337,0.503,0.124,91.357,4,2
1rdITZdwzbYf1pZRicSeSR,"Fade to Black (Live at Tushino Airfield, Moscow, Russia - September 28th, 1991)",464580,25,0.253,0.864,-7.647,1,0.0778,3.03e-05,0.183,0.995,0.218,104.262,4,2
26s6kEXgpSgKKzRzngLUjW,"Sad But True (Live at Tushino Airfield, Moscow, Russia - September 28th, 1991)",360794,24,0.357,0.913,-7.715,0,0.0758,2.76e-05,0.00774,0.991,0.32,90.159,4,2
6gk5MNMQWzu6yYOHph8J6t,"Master of Puppets (Live at Tushino Airfield, Moscow, Russia - September 28th, 1991)",254412,24,0.342,0.952,-8.015,1,0.0899,5.59e-06,0.000464,0.64,0.27,101.502,4,2
2apeOzsdnS32gzx20RMmGD,"Seek & Destroy (Live at Tushino Airfield, Moscow, Russia - September 28th, 1991)",477574,25,0.307,0.921,-8.259,1,0.0919,9.05e-06,0.0767,0.748,0.346,140.229,4,2
55nNfVarrhMWVR7PpBjcAD,"For Whom the Bell Tolls (Live at Tushino Airfield, Moscow, Russia - September 28th, 1991)",348370,25,0.297,0.904,-8.092,1,0.0606,1.71e-05,0.0217,0.314,0.259,118.209,4,2
0ikFrxr3g0L0n0dGHzj6KW,"One (Live at Tushino Airfield, Moscow, Russia - September 28th, 1991)",494559,23,0.331,0.892,-8.508,1,0.0721,1.72e-05,0.287,0.992,0.223,112.565,4,2
3NzrtbSl9qtH6JUg5ZtHnb,"Whiplash (Live at Tushino Airfield, Moscow, Russia - September 28th, 1991)",341937,22,0.166,0.933,-8.222,1,0.214,3.35e-05,0.119,0.964,0.14,172.07,4,2
0fjUjIV9od1CxTkX9SfeH5,"Encore Jam (Live at Tushino Airfield, Moscow, Russia - September 28th, 1991)",89581,17,0.272,0.925,-9.245,0,0.119,3.51e-05,0.752,0.54,0.183,80.813,4,2
1yUFwnC9jFt5jHCMcZ33oW,"Last Caress (Live at Tushino Airfield, Moscow, Russia - September 28th, 1991)",87620,21,0.339,0.962,-7.399,1,0.0838,3.62e-06,3.11e-05,0.846,0.387,102.905,4,2
38DONsSceGrdhvEPmLiYY5,"Am I Evil? (Live at Tushino Airfield, Moscow, Russia - September 28th, 1991)",284356,20,0.265,0.942,-7.652,1,0.102,1.76e-05,0.031,0.231,0.262,143.743,4,2
7J1NFOjlsvP7b5C4759W5G,"Battery (Live at Tushino Airfield, Moscow, Russia - September 28th, 1991)",433528,21,0.194,0.965,-8.487,1,0.143,5.93e-05,0.062,0.712,0.0433,98.22,4,2
0M1pfDTZGWC7cBuEx3FwwT,Blackened (Remastered),402143,61,0.435,0.853,-7.341,0,0.124,5.31e-05,0.00746,0.13,0.475,129.218,4,1
0ep7UTGw3F9VkN9FV52En3,...And Justice for All (Remastered),585506,56,0.382,0.793,-7.342,0,0.183,7.11e-05,0.147,0.0541,0.424,173.583,4,1
4pXvTZTJW5idks8XNc43jj,Eye of the Beholder (Remastered),385986,48,0.639,0.838,-8.179,0,0.0453,0.00327,0.00714,0.0834,0.588,122.179,4,1
3sRZqCxbnwiKKPe57WoT6S,One (Remastered),446145,52,0.438,0.687,-9.15,1,0.0619,0.000668,0.0801,0.42,0.426,103.01,3,1
3R7ajqVVdwGHAdLL1dK5cl,The Shortest Straw (Remastered),395101,48,0.432,0.906,-7.958,1,0.108,8.87e-05,0.0448,0.156,0.592,142.767,4,1
3IolN0Ae207i0Fr9IHuNbu,Harvester of Sorrow (Remastered),345283,59,0.656,0.864,-7.895,0,0.0414,0.000197,0.107,0.281,0.617,93.197,4,1
3GpWAuHTJn6BLzTQBrcBqY,The Frayed Ends of Sanity (Remastered),463158,47,0.483,0.909,-7.296,0,0.0484,5.16e-05,0.0512,0.119,0.672,94.816,4,1
1kI7gQPOHJRrQWMyDvYdUW,To Live Is to Die (Remastered),588381,51,0.432,0.624,-8.976,0,0.041,0.000205,0.818,0.0777,0.388,104.315,4,1
4bAQzjDk9ONZ8gvm5YKEGE,Dyers Eve (Remastered),313045,52,0.404,0.948,-7.252,0,0.0604,1.92e-05,0.0405,0.0773,0.701,96.789,4,1
30mGnM5QNhzMVmIegDhfFs,Blackened (Remastered),402143,47,0.435,0.853,-7.341,0,0.124,5.31e-05,0.00746,0.13,0.475,129.218,4,1
0Qm8thi5uT13RnpkEV8JJu,...And Justice for All (Remastered),585506,46,0.382,0.793,-7.342,0,0.183,7.11e-05,0.147,0.0541,0.424,173.583,4,1
1WnEyhN7Gdu23DQvUZkQy8,Eye of the Beholder (Remastered),385986,51,0.639,0.838,-8.179,0,0.0453,0.00327,0.00714,0.0834,0.588,122.179,4,1
0LAcM6I7ijW4VVW0aytl1t,One (Remastered),446145,73,0.438,0.687,-9.15,1,0.0619,0.000668,0.0801,0.42,0.426,103.01,3,1
2Rn5VhDVELkuB4BjZEVJKr,The Shortest Straw (Remastered),395101,51,0.432,0.906,-7.958,1,0.108,8.87e-05,0.0448,0.156,0.592,142.767,4,1
7a5jyBpaDWt9q1dEK5n8U2,Harvester of Sorrow (Remastered),345283,46,0.656,0.864,-7.895,0,0.0414,0.000197,0.107,0.281,0.617,93.197,4,1
2ZTequNqaDxvv5N7tFrsl9,The Frayed Ends of Sanity (Remastered),463158,48,0.483,0.909,-7.296,0,0.0484,5.16e-05,0.0512,0.119,0.672,94.816,4,1
5b0FFCfNvdkB31eEDbbQN1,To Live Is to Die (Remastered),588381,40,0.432,0.624,-8.976,0,0.041,0.000205,0.818,0.0777,0.388,104.315,4,1
7nmvslxDj3o3Y0O0d79A0G,Dyers Eve (Remastered),313045,41,0.404,0.948,-7.252,0,0.0604,1.92e-05,0.0405,0.0773,0.701,96.789,4,1
5oC5p8hQUgu5gQY36jXkum,The Ecstasy of Gold,118998,0,0.207,0.983,-8.685,1,0.088,0.324,0.0481,0.98,0.0313,93.004,4,0
2PFoYVONNUOm7HHkTAJers,Blackened (Live - Seattle '89),397260,36,0.257,0.995,-5.811,0,0.187,4.36e-06,0.123,0.475,0.0378,134.88,4,2
7MzM6iHyRYmuWBIm75DqHC,For Whom the Bell Tolls (Live - Seattle '89),330466,37,0.314,0.99,-5.514,0,0.189,1.58e-05,0.0978,0.64,0.0451,125.06,4,2
4APyuHxnKf6DcPWzFEJ40y,Welcome Home (Sanitarium) (Live - Seattle '89),406524,33,0.257,0.99,-5.817,1,0.2,1.79e-05,0.0785,0.952,0.069,116.602,4,2
1qK8CAZFt2mM7i1VX5qYjg,Harvester of Sorrow (Live - Seattle '89),370584,32,0.334,0.987,-5.805,1,0.116,2.96e-05,0.00362,0.784,0.0747,96.425,4,2
7naRIEBtd0qOU8r9WYumqZ,The Four Horsemen (Live - Seattle '89),360154,32,0.309,0.993,-6.211,0,0.215,5.28e-06,0.374,0.758,0.0399,110.831,4,2
6wqv1OIgD5Z3PjfOaayDix,The Thing That Should Not Be (Live - Seattle '89),428310,31,0.304,0.986,-5.824,1,0.103,1.9e-05,0.225,0.987,0.138,116.255,4,2
5vpU8pREH0ZZZBkyXsZcsV,Bass Solo (Live - Seattle '89),450385,28,0.152,0.772,-10.619,1,0.0653,0.000127,0.826,0.49,0.181,94.225,4,2
7iGRPMvUWCZNcfqzrEXrWD,Master of Puppets (Live - Seattle '89),530515,35,0.259,0.989,-6.012,0,0.141,6.09e-06,0.171,0.935,0.0786,111.782,4,2
1npRzHqYjXPLJ9L9UkpUTA,Fade to Black (Live - Seattle '89),490504,33,0.173,0.975,-5.902,0,0.186,0.000142,0.0595,0.989,0.115,156.553,4,2
5XehKCJutge72GlijNcPHW,Seek & Destroy (Live - Seattle '89),541535,31,0.24,0.988,-6.468,1,0.218,8.28e-05,0.0676,0.984,0.0601,150.949,4,2
3AxLlRyXcDcpQN6rp1bpPB,...And Justice for All (Live - Seattle '89),660760,29,0.176,0.982,-6.312,1,0.215,6.33e-06,0.574,0.994,0.0475,173.801,4,2
2U4gF4myhyt8tl8jMeDE3L,One (Live - Seattle '89),567609,32,0.259,0.993,-6.059,0,0.196,0.000121,0.439,0.993,0.054,118.806,4,2
4EcsR2fMms1TXY44F1Yz6v,Creeping Death (Live - Seattle '89),470380,35,0.301,0.993,-5.877,1,0.172,4.2e-06,0.428,0.839,0.0645,115.143,4,2
3Rwo3Td6i5sFSCt8TgOdtv,Guitar Solo (Live - Seattle '89),396196,25,0.169,0.952,-6.852,1,0.149,0.109,0.984,0.595,0.0394,125.995,4,2
4UDYoVoQJpUPQAmWTrcPGF,Battery (Live - Seattle '89),377921,30,0.242,0.993,-6.172,0,0.204,3.14e-05,0.225,0.738,0.0323,105.107,4,2
0cXftlT0QFMtuxUGpohdru,Encore Jam (Live - Seattle '89),169192,22,0.336,0.985,-6.06,1,0.15,6.63e-05,0.197,0.988,0.0399,97.785,4,2
6eM4XIIa25uRIOtP64hlxm,Last Caress (Live - Seattle '89),114058,27,0.233,0.995,-5.929,1,0.131,0.000183,0.406,0.499,0.0542,104.853,4,2
62wvEoiTmI3Y9aQ3i5PTxl,Am I Evil? (Live - Seattle '89),249737,26,0.325,0.992,-5.768,1,0.171,3.31e-05,0.0891,0.737,0.0763,83.923,4,2
1MNAcG8x56GSD8CoQLpJHn,Whiplash (Live - Seattle '89),336602,28,0.119,0.993,-6.122,0,0.303,3.14e-05,0.336,0.996,0.0332,193.069,4,2
5oL2xNJqy4VJeAQyklW0c7,Breadfan (Live - Seattle '89),283564,23,0.281,0.994,-6.152,0,0.179,5.23e-05,0.0954,0.967,0.0388,113.274,4,2
7qRxAH7ZRB2Ita3mebXfR3,Battery (Remastered),312360,51,0.48,0.923,-8.793,0,0.0682,0.000211,0.531,0.106,0.44,96.535,4,1
5cW3DEWYYv0tXZMwcUZNRg,Master Of Puppets (Remastered),515386,53,0.539,0.828,-9.108,0,0.035,0.00067,0.421,0.154,0.562,105.25,4,1
6ZertsLLGL2puI2Vj5iy5T,The Thing That Should Not Be (Remastered),396106,48,0.679,0.716,-10.14,1,0.0313,0.000108,0.349,0.126,0.485,111.827,4,1
5Nu6hybktveVXtgD7hDLVD,Welcome Home (Sanitarium) (Remastered),387146,50,0.309,0.767,-9.676,1,0.033,0.000305,0.151,0.0967,0.413,97.944,4,1
2CbYOuq9uxqclV21HJaJ4B,Disposable Heroes (Remastered),496626,48,0.264,0.931,-7.615,0,0.0928,4.75e-05,0.454,0.0897,0.414,90.246,4,1
6yyionnLDzrrSET4pGoFSX,Leper Messiah (Remastered),339880,47,0.38,0.8,-8.617,1,0.0695,5.19e-05,0.735,0.321,0.574,138.714,4,1
1J6aXHOMNalN2YGLpVAD7e,Orion (Remastered),507226,48,0.367,0.672,-10.014,1,0.0378,0.0013,0.899,0.111,0.382,128.497,4,1
5PZ03nZ4rF3dG1QH7NeXMp,"Damage, Inc. (Remastered)",332466,46,0.366,0.848,-10.575,0,0.157,0.000506,0.476,0.12,0.162,92.172,4,1
